Timestamp,Temperature_C,Humidity_percent,Pressure_hPa
2024-01-01 00:00:00,15.496714153011233,73.14868517037948,1008.3904903266679
2024-01-01 01:00:00,17.449926149854022,70.05163479365832,1008.177661691311
2024-01-01 02:00:00,20.64768853810069,66.91198993504833,1008.501771469196
2024-01-01 03:00:00,23.594097668273502,63.599031328050685,1007.4495953809804
2024-01-01 04:00:00,23.426100663121048,61.25962130004907,1007.4554134627161
2024-01-01 05:00:00,24.425121305941502,58.18295167127061,1009.1074564427515
2024-01-01 06:00:00,26.57921281550739,54.31117905045291,1009.9767484667907
2024-01-01 07:00:00,25.42669299204359,52.094709467953315,1010.3155750475565
2024-01-01 08:00:00,23.190779651909438,47.80036710024787,1011.5906080292038
2024-01-01 09:00:00,22.61362785545144,48.84860875357865,1013.5967716356533
2024-01-01 10:00:00,19.536582307187537,44.537464991017586,1013.1948575392643
2024-01-01 11:00:00,17.12246069745495,50.65002940507894,1014.4017345147668
2024-01-01 12:00:00,15.241962271566036,47.61187329314479,1016.0655682552872
2024-01-01 13:00:00,10.498529304316994,46.72657776479412,1017.2875053153242
2024-01-01 14:00:00,8.275082167486971,49.1671962095784,1018.2220675506776
2024-01-01 15:00:00,7.366644658893557,55.7342929325048,1019.4620362831652
2024-01-01 16:00:00,5.326914841821191,58.13924971047102,1018.5800257649195
2024-01-01 17:00:00,5.654989069704591,63.92735326654685,1016.9762922387769
2024-01-01 18:00:00,4.091975924478789,67.18867779735422,1016.2492018964153
2024-01-01 19:00:00,3.9284380357740236,69.41399920480498,1014.1749524124345
2024-01-01 20:00:00,7.805394731077168,70.53204924737113,1013.9198405291854
2024-01-01 21:00:00,7.703155887647987,71.02876495136425,1012.3466196627842
2024-01-01 22:00:00,10.067528204687921,74.04019143837246,1011.6797766795765
2024-01-01 23:00:00,10.987061362761327,76.50310651674725,1009.3635707673044
2024-01-02 00:00:00,14.455617275474815,74.06764889064563,1009.7353340377016
2024-01-02 01:00:00,17.699113040735078,69.06762956494931,1010.0317864459665
2024-01-02 02:00:00,18.8490064225777,69.03738064600174,1007.9800798664635
2024-01-02 03:00:00,22.44676583021115,66.00128665743922,1008.4150316558834
2024-01-02 04:00:00,23.059615347925575,59.646109846475035,1008.9677778499937
2024-01-02 05:00:00,24.367564513097406,57.80809793352839,1008.4625487593738
2024-01-02 06:00:00,24.398293387770604,53.87421488868489,1009.9558743774924
2024-01-02 07:00:00,26.51153644739962,48.15440237422003,1010.8351106237095
2024-01-02 08:00:00,23.646756813106457,48.48993803718862,1012.159322433371
2024-01-02 09:00:00,21.013356882909573,47.063109652000485,1012.5917119144402
2024-01-02 10:00:00,20.82254491210319,47.232881143844054,1014.6674520550205
2024-01-02 11:00:00,16.367346801054186,47.31729517596951,1016.3071965803888
2024-01-02 12:00:00,15.20886359500476,43.60519986170059,1018.2351560843347
2024-01-02 13:00:00,10.452139425095023,46.56524279779644,1018.4602232931213
2024-01-02 14:00:00,8.671813951101576,52.339051740117945,1020.0643424425912
2024-01-02 15:00:00,8.125793424003657,55.79692000384284,1017.2193325033276
2024-01-02 16:00:00,7.078212542151023,59.61627065373482,1018.5946867784381
2024-01-02 17:00:00,5.512110018299293,70.20481525967209,1017.3195727744787
2024-01-02 18:00:00,4.88435171761176,67.38398356959347,1018.4580210375358
2024-01-02 19:00:00,5.039638041520027,71.83078831047993,1014.3691834917172
2024-01-02 20:00:00,4.861223971788181,74.13364021049435,1013.098631822997
2024-01-02 21:00:00,7.209087979739819,75.36124190334758,1012.0358856562602
2024-01-02 22:00:00,9.539361229040198,74.3026828532258,1009.2331623949286
2024-01-02 23:00:00,13.468931775193706,76.30824736908684,1009.6650466891759
2024-01-03 00:00:00,15.343618289568456,72.09381097331008,1008.4568548619067
2024-01-03 01:00:00,15.825150295662464,71.0854699088933,1008.6494413194401
2024-01-03 02:00:00,20.324083969394803,67.72029169864115,1008.4305959906975
2024-01-03 03:00:00,21.68598553144915,65.39440017675422,1009.8894907730003
2024-01-03 04:00:00,22.983332037538432,66.0431418522243,1009.2280576964686
2024-01-03 05:00:00,25.27093455173155,53.76611733645383,1008.2868655755973
2024-01-03 06:00:00,26.03099952249595,55.13031783254188,1008.8333672243335
2024-01-03 07:00:00,25.59053838200688,47.21491122750193,1011.3144373944342
2024-01-03 08:00:00,22.821036514621753,46.83049958491321,1010.7414131278015
2024-01-03 09:00:00,21.761855436014272,48.11944179319875,1015.1961804641501
2024-01-03 10:00:00,20.331263431403563,45.19533869568443,1015.8223820014829
2024-01-03 11:00:00,18.563735578147572,43.05420151604109,1015.3400226370386
2024-01-03 12:00:00,14.520825762154733,44.929931179094815,1015.0708779474487
2024-01-03 13:00:00,12.226150572310985,49.80008837549602,1018.8548248412015
2024-01-03 14:00:00,8.893665025993982,49.84824794226635,1017.796620139827
2024-01-03 15:00:00,6.732725564053852,55.2022652811824,1019.2244963781891
2024-01-03 16:00:00,7.152271784549821,58.67731896093033,1016.127938482923
2024-01-03 17:00:00,6.696981765680142,61.19615158315103,1016.5368557457866
2024-01-03 18:00:00,4.927989878419666,70.5300907268578,1016.2734618040363
2024-01-03 19:00:00,6.344274635001339,70.82749507475475,1015.224462370837
2024-01-03 20:00:00,6.70138198720325,68.17535151019274,1013.4882881936986
2024-01-03 21:00:00,7.283812433529389,74.43136803027483,1013.2581282340518
2024-01-03 22:00:00,10.361395605508413,73.60964841296972,1010.2894376898558
2024-01-03 23:00:00,13.949846115440774,76.49517559769274,1010.0484222258355
2024-01-04 00:00:00,14.964173960890042,72.05441992551982,1009.3362831551723
2024-01-04 01:00:00,19.152834106839187,71.32963423943954,1009.0134863670227
2024-01-04 02:00:00,17.380254895910245,69.7009933522603,1008.8004548930093
2024-01-04 03:00:00,22.8929703162407,66.9621622863218,1006.8886778419466
2024-01-04 04:00:00,23.747301106082546,59.01323190476575,1006.743519687547
2024-01-04 05:00:00,24.360250912424814,56.831645249955436,1010.1414460531581
2024-01-04 06:00:00,25.0917607765355,52.80790682947099,1010.0640959076616
2024-01-04 07:00:00,22.671689348289792,49.13368450473385,1010.0740316863711
2024-01-04 08:00:00,23.440582150006872,51.305271797054246,1013.6127983103447
2024-01-04 09:00:00,22.428180383377235,46.751504021185944,1013.4803963325886
2024-01-04 10:00:00,21.47789404474155,42.545010748823415,1015.8222390648253
2024-01-04 11:00:00,17.06992023275155,47.045414966009254,1015.8767167705535
2024-01-04 12:00:00,14.19150639710682,50.604850991640035,1018.8447604014216
2024-01-04 13:00:00,11.91005250539025,50.505823398728985,1019.2562933094792
2024-01-04 14:00:00,10.915402117702087,48.27024127379259,1017.6621958366005
2024-01-04 15:00:00,8.257683297794234,53.80087995628589,1018.95825101717
2024-01-04 16:00:00,5.809985758388585,61.11999757949594,1018.3677420913026
2024-01-04 17:00:00,5.854009170222675,61.0840133471251,1018.5048623262727
2024-01-04 18:00:00,5.0970775493480405,67.1298414044996,1015.303294643738
2024-01-04 19:00:00,6.309386727642202,71.1089251369774,1015.8635332370708
2024-01-04 20:00:00,5.637692868278244,70.37177574035177,1014.9967781520274
2024-01-04 21:00:00,7.601270041536744,73.93940868861237,1010.8765388152812
2024-01-04 22:00:00,9.607891846867838,68.45068666236835,1010.1737996065726
2024-01-04 23:00:00,10.948294600842685,72.7415336454317,1008.1515695330966
2024-01-05 00:00:00,15.296120277064565,73.13432509959891,1008.9465806890158
2024-01-05 01:00:00,17.849245723205065,69.06354075844364,1009.2165897887598
2024-01-05 02:00:00,20.005113456642448,71.95584140216265,1009.5911970670164
2024-01-05 03:00:00,21.83648067849033,62.37036914206029,1008.0874147142041
2024-01-05 04:00:00,22.24488329579398,60.53373574548329,1009.9062494038538
2024-01-05 05:00:00,24.23861294012532,57.762128876209516,1007.4836677730448
2024-01-05 06:00:00,24.65728548347323,56.64034402992513,1008.0283994563267
2024-01-05 07:00:00,23.85698099366907,47.5686186675224,1010.7669705240311
2024-01-05 08:00:00,23.498968326178378,50.10069082080197,1012.4457117837615
2024-01-05 09:00:00,22.47511866868,45.96200672130318,1013.3320269502017
2024-01-05 10:00:00,21.886185901210535,43.1037613553976,1012.5754997807217
2024-01-05 11:00:00,17.762768263857073,46.13389802042624,1015.7200782496305
2024-01-05 12:00:00,15.257550390722775,46.75865798876171,1015.4795429760347
2024-01-05 13:00:00,12.337363633208655,47.24045912330907,1018.1706250158661
2024-01-05 14:00:00,8.081228784700942,51.4485853756807,1018.2777582311764
2024-01-05 15:00:00,7.90241831268531,53.99872090829492,1017.0468002798883
2024-01-05 16:00:00,6.399976172096651,58.81320997162519,1017.2084992243808
2024-01-05 17:00:00,7.803983849594605,63.823613627404754,1016.0770172468514
2024-01-05 18:00:00,4.807639035218878,69.4142361804978,1016.2055390070449
2024-01-05 19:00:00,5.642289079442935,67.0840260324651,1016.1326240975735
2024-01-05 20:00:00,6.305034192450371,76.49170343282047,1012.9526276188423
2024-01-05 21:00:00,6.760254150514978,70.15428380169095,1013.1393248172221
2024-01-05 22:00:00,11.142822814515014,74.62965115243533,1010.826800500866
2024-01-05 23:00:00,13.16374258166154,75.96694334106945,1009.3979288785944
2024-01-06 00:00:00,15.791031947042999,74.20144513785534,1009.1089571635058
2024-01-06 01:00:00,16.67880299623047,70.31370808273212,1007.4638052105446
2024-01-06 02:00:00,21.402794310936084,68.27477429358487,1007.5351907095732
2024-01-06 03:00:00,20.669216749073165,64.24465002866395,1006.8154420411955
2024-01-06 04:00:00,24.247111131644644,60.235095204988895,1010.242358991199
2024-01-06 05:00:00,26.84971388870066,59.19985191567939,1008.8990327832314
2024-01-06 06:00:00,24.009463674869313,54.47182842372295,1009.0320563876893
2024-01-06 07:00:00,24.092960533287904,49.05452377935993,1011.0364981336619
2024-01-06 08:00:00,23.759905402932045,49.573563067358585,1011.9493182851313
2024-01-06 09:00:00,21.567592157749292,46.556139641017246,1013.1437520987625
2024-01-06 10:00:00,18.449336568933873,46.69250289517142,1015.2571085808049
2024-01-06 11:00:00,17.65675342583123,46.46894875574693,1016.5667059991906
2024-01-06 12:00:00,13.937696286273873,44.70254857577065,1016.2535113289291
2024-01-06 13:00:00,12.885401979610007,47.32053079723272,1016.9251342263914
2024-01-06 14:00:00,9.080575765766215,52.80356841594713,1017.636108287928
2024-01-06 15:00:00,9.478866593152068,55.99008863288536,1015.68475890148
2024-01-06 16:00:00,5.556492669819372,58.54437209319445,1016.2071750795188
2024-01-06 17:00:00,5.0186802209036365,62.734007044980274,1018.5031050361848
2024-01-06 18:00:00,5.81351721736967,68.79753233978394,1017.9131858178193
2024-01-06 19:00:00,4.109877420675357,68.37651425244705,1014.928445737516
2024-01-06 20:00:00,6.567205896759741,73.31983144584802,1014.5149106282336
2024-01-06 21:00:00,9.236074942416911,73.65407409586817,1012.9465284562478
2024-01-06 22:00:00,8.392516765438796,74.49785893605205,1014.4359389276937
2024-01-06 23:00:00,12.596443407507069,76.98786263207468,1011.3103766222913
2024-01-07 00:00:00,15.259882794248409,75.2902941003613,1009.0880699319796
2024-01-07 01:00:00,18.370013322802517,73.18612639437458,1007.5435070923635
2024-01-07 02:00:00,18.763049289121867,71.30197640860808,1006.4823936946628
2024-01-07 03:00:00,20.750611198781222,65.27265958124704,1008.2167835696516
2024-01-07 04:00:00,24.182195603461274,62.777730661467245,1007.5212831129983
2024-01-07 05:00:00,24.956242936123868,56.88011420845043,1007.4415155216619
2024-01-07 06:00:00,25.250492850345875,54.40613015676975,1009.0852090114394
2024-01-07 07:00:00,25.005706472387672,50.18005686114595,1009.7409702193132
2024-01-07 08:00:00,22.980229316265916,47.96835524647752,1013.7487879698947
2024-01-07 09:00:00,22.303321509026496,47.13185465013786,1014.2463614552452
2024-01-07 10:00:00,20.29307247329869,43.430337291026554,1014.6349692394449
2024-01-07 11:00:00,16.873839032998834,49.39446562327063,1017.2891424280333
2024-01-07 12:00:00,16.865774511144807,44.348503834615336,1016.8613807841872
2024-01-07 13:00:00,12.885642469886616,46.012515652051185,1016.6396682657078
2024-01-07 14:00:00,8.80869650279737,53.62520295270075,1019.4342840623493
2024-01-07 15:00:00,8.58548579676836,56.35267348994431,1018.5255901099002
2024-01-07 16:00:00,5.365064291928288,59.83441491522704,1016.685119987391
2024-01-07 17:00:00,6.127826340851781,63.75604329689116,1016.9458920906567
2024-01-07 18:00:00,6.158595579007404,66.21770900251326,1015.3925998509333
2024-01-07 19:00:00,4.520059418757601,67.76514828714706,1013.794682046108
2024-01-07 20:00:00,7.3031220913998975,72.37724579989533,1014.8645312127095
2024-01-07 21:00:00,8.34171311507098,72.70413597771173,1014.5446949421744
2024-01-07 22:00:00,10.82206015999451,76.883460809342,1009.9584905454193
2024-01-07 23:00:00,14.308602531628777,74.49619416509601,1010.7537709475473
